{
  "assetsByChunkName": {
    "vendors~app-account~app-confirmation~app-order": "chunk.1f3e714ebf3bf05134de.js",
    "vendors~app-account~app-checkout": "chunk.6ed2f4f3e4fc265b530a.js",
    "vendors~app-cart~app-checkout": "chunk.6a2aee40923e232021db.js",
    "admin": [
      "admin.c827c1c336e56038babd.js",
      "admin.c827c1c336e56038babd.js.map"
    ],
    "app-account": "chunk.49031bd3f7b6edb82f40.js",
    "app-checkout": "chunk.8550f47bac3d5de3439a.js",
    "app-confirmation": "chunk.6df22f61e2ddfffb2d83.js",
    "checkout": [
      "checkout.4607998550e8132e3146.js",
      "checkout.4607998550e8132e3146.js.map"
    ],
    "storefront": [
      "storefront.a6c9133de5fed6d1d887.css",
      "storefront.94223c515a0990a41b9b.js",
      "storefront.a6c9133de5fed6d1d887.css.map",
      "storefront.94223c515a0990a41b9b.js.map"
    ],
    "vendors~app-cart": "chunk.96d64eec6f5d69ec3b97.js",
    "vendors~app-order": "chunk.7ef4fa800f6bf5a5d524.js"
  }
}